{"cameraMode":{"drawMode":0,"name":"Shaded","section":"Shading Mode"},"sceneLighting":false,"audioPlay":false,"sceneViewState":{"m_AlwaysRefresh":false,"showFog":true,"showSkybox":false,"showFlares":true,"showImageEffects":true,"showParticleSystems":true,"showVisualEffectGraphs":true,"m_FxEnabled":true},"in2DMode":false,"pivot":{"x":-0.04789580777287483,"y":0.9325554966926575,"z":-0.3616068363189697},"rotation":{"x":-0.000028235317586222664,"y":-1.000017762184143,"z":-0.004190429579466581,"w":0.000293340184725821},"size":1.240154504776001,"orthographic":false}